"From 2007 F reductions of 10 percent from previous year until F<=0.3 (Fmsy=0.46)","","","","","","","","","","","","","","","","","","","","","","","","","","",""
"","","","","2003","2004","2005","2006","2007","2008","2009","2010","2011","2012","2013","","","2003","2004","2005","2006","2007","2008","2009","2010","2011","2012","2013"
"F plan",NA,NA,NA,NA,NA,NA,NA,NA,NA,NA,NA,NA,NA,NA,NA,NA,NA,NA,NA,NA,NA,NA,NA,NA,NA,NA,NA
"reduction F plan",NA,NA,NA,NA,NA,NA,NA,NA,NA,NA,NA,NA,NA,NA,NA,NA,NA,NA,NA,NA,NA,NA,NA,NA,NA,NA,NA
"F estimated","","","",NA,NA,NA,NA,NA,NA,NA,NA,NA,NA,NA,"","Effort estimated",8391212,19214038,14481187,15375052,10465985,8708136,6779579,6991700,8110058,7943563,6580555.96
NA,NA,NA,NA,NA,NA,NA,NA,NA,NA,NA,NA,NA,NA,NA,NA,NA,NA,NA,NA,NA,NA,NA,NA,NA,NA,NA,NA
"","","","","","","","","","","","","","","","","","","","","","","","","","","",""
"Fpar","","","","","","","","","","","","","","","","EFFORT","","","","","","","","","","",""
"Fpar","","","","2003","2004","2005","2006","2007","2008","2009","2010","2011","2012","2013","","kW days at sea","2003","2004","2005","2006","2007","2008","2009","2010","2011","2012","2013"
"DEN","R-DEM_SEINE","NONE","landings",NA,NA,NA,NA,NA,NA,NA,NA,NA,NA,NA,"","",729,880,11204,9781,4380,NA,NA,NA,7936,20727,NA
"DEN","R-GILL","NONE","landings",NA,NA,NA,NA,NA,NA,NA,NA,NA,NA,NA,"","",286771,247793,288548,255355,190114,195224,170484,133853,129032,109307,65640
"DEN","R-LONGLINE","NONE","landings",NA,NA,NA,NA,NA,NA,NA,NA,NA,NA,NA,"","",228195,112769,154482,157371,86736,45320,63169,76826,76881,41313,42753.5
"DEN","R-OTTER","NONE","landings",NA,NA,NA,NA,NA,NA,NA,NA,NA,NA,NA,"","",1369397,891009,993201,1279055,585792,644737,629248,781262,1071791,1160176,867098.28
"DEN","R-PEL_TRAWL","NONE","landings",NA,NA,NA,NA,NA,NA,NA,NA,NA,NA,NA,"","",68442,51827,44286,94797,31103,1056,4030,3536,5080,3750,NA
"DEN","R-TRAMMEL","NONE","landings",NA,NA,NA,NA,NA,NA,NA,NA,NA,NA,NA,"","",3278,2167,5598,7550,12631,5910,15546,3693,1185,546,384
"EST","R-GILL","NONE","landings",NA,NA,NA,NA,NA,NA,NA,NA,NA,NA,NA,"","",NA,NA,287824,253368,128268,40036,31107,NA,NA,NA,NA
"EST","R-OTTER","NONE","landings",NA,NA,NA,NA,NA,NA,NA,NA,NA,NA,NA,"","",NA,NA,94896,5729,9503,NA,NA,96642,179832,79178,39820
"EST","R-PEL_TRAWL","NONE","landings",NA,NA,NA,NA,NA,NA,NA,NA,NA,NA,NA,"","",NA,NA,214426,355398,702922,703021,219177,114680,714754,86256,15410
"GER","R-DEM_SEINE","NONE","landings",NA,NA,NA,NA,NA,NA,NA,NA,NA,NA,NA,"","",NA,822,NA,11756,9000,7782,19715,26908,38601,27877,NA
"GER","R-GILL","NONE","landings",NA,NA,NA,NA,NA,NA,NA,NA,NA,NA,NA,"","",11696,8290,43704,14527,11824,5048,6594,NA,NA,NA,NA
"GER","R-LONGLINE","NONE","landings",NA,NA,NA,NA,NA,NA,NA,NA,NA,NA,NA,"","",10248,11771,15007,9881,11920,17580,12580,6600,2420,NA,3304
"GER","R-OTTER","NONE","landings",NA,NA,NA,NA,NA,NA,NA,NA,NA,NA,NA,"","",334236,211999,280977,163096,80177,191198,220844,276398,108001,180536,95531
"GER","R-PEL_TRAWL","NONE","landings",NA,NA,NA,NA,NA,NA,NA,NA,NA,NA,NA,"","",NA,182107,143688,141492,70379,16691,36135,61303,128870,48484,1547
"LAT","R-GILL","NONE","landings",NA,NA,NA,NA,NA,NA,NA,NA,NA,NA,NA,"","",1397564,1471236,701180,596996,568781,539579,401856,361015,350477,273839,174691.82
"LAT","R-OTTER","NONE","landings",NA,NA,NA,NA,NA,NA,NA,NA,NA,NA,NA,"","",458330,322019,242532,350925,186093,229860,198632,218426,473943,376406,252057
"LAT","R-PEL_TRAWL","NONE","landings",NA,NA,NA,NA,NA,NA,NA,NA,NA,NA,NA,"","",5065,114489,4122,29965,122803,10521,14473,NA,NA,18648,19467
"LIT","R-GILL","NONE","landings",NA,NA,NA,NA,NA,NA,NA,NA,NA,NA,NA,"","",NA,NA,93187,55397,90686,128949,107267,104170,78123,48511,54538.11
"LIT","R-LONGLINE","NONE","landings",NA,NA,NA,NA,NA,NA,NA,NA,NA,NA,NA,"","",NA,NA,264,59543,35332,34991,6664,3956,5514,NA,1694.16
"LIT","R-OTTER","NONE","landings",NA,NA,NA,NA,NA,NA,NA,NA,NA,NA,NA,"","",NA,NA,342503,192759,170844,382050,286887,332848,398109,477440,486675
"LIT","R-PEL_TRAWL","NONE","landings",NA,NA,NA,NA,NA,NA,NA,NA,NA,NA,NA,"","",NA,NA,1100,89918,85447,61407,20974,1764,4420,6837,4081
"POL","R-GILL","NONE","landings",NA,NA,NA,NA,NA,NA,NA,NA,NA,NA,NA,"","",NA,4339027,2361250,1992875,1556930,1079645,791231,788566,695263,1121302,1007638.54
"POL","R-LONGLINE","NONE","landings",NA,NA,NA,NA,NA,NA,NA,NA,NA,NA,NA,"","",NA,712715,691955,738832,410561,270046,412292,391897,324267,187100,167925.9
"POL","R-OTTER","NONE","landings",NA,NA,NA,NA,NA,NA,NA,NA,NA,NA,NA,"","",NA,5657875,3902889,4457610,2534977,1715576,1018609,1245924,1064287,1582454,1676201.9
"POL","R-PEL_TRAWL","NONE","landings",NA,NA,NA,NA,NA,NA,NA,NA,NA,NA,NA,"","",NA,921668,193724,628134,440888,21895,36317,3424,2428,14087,28121.6
"SWE","R-GILL","NONE","landings",NA,NA,NA,NA,NA,NA,NA,NA,NA,NA,NA,"","",1820884,1485621,1183969,1031157,833204,914404,811692,595833,519421,450915,385534.4
"SWE","R-LONGLINE","NONE","landings",NA,NA,NA,NA,NA,NA,NA,NA,NA,NA,NA,"","",316942,373136,345327,321205,162491,198545,200874,176489,208160,139164,77665.24
"SWE","R-OTTER","NONE","landings",NA,NA,NA,NA,NA,NA,NA,NA,NA,NA,NA,"","",2070339,1942010,1716974,1655822,1151533,1205260,1001145,1169421,1420549,1465397,1087009.67
"SWE","R-PEL_TRAWL","NONE","landings",NA,NA,NA,NA,NA,NA,NA,NA,NA,NA,NA,"","",NA,144639,121133,413844,178434,36859,40493,16200,99798,20821,10244
"SWE","R-TRAMMEL","NONE","landings",NA,NA,NA,NA,NA,NA,NA,NA,NA,NA,NA,"","",9096,8169,1237,914,2232,4946,1544,66,916,2492,15522.84
"Sum",NA,NA,NA,0,0,0,0,0,0,0,0,0,0,0,NA,NA,8391212,19214038,14481187,15375052,10465985,8708136,6779579,6991700,8110058,7943563,6580555.96
"(Sum of Fpars)/estimated F",NA,NA,NA,NA,NA,NA,NA,NA,NA,NA,NA,NA,NA,NA,NA,NA,NA,NA,NA,NA,NA,NA,NA,NA,NA,NA,NA
