"From 2007 F reductions of 20 percent from previous year then from 2010 F reductions of 15% from previous year until F<0.27 (Fmsy=0.26)","","","","","","","","","","","","","","","","","","","","","","","","","","",""
"","","","","2003","2004","2005","2006","2007","2008","2009","2010","2011","2012","2013","","","2003","2004","2005","2006","2007","2008","2009","2010","2011","2012","2013"
"F plan",NA,NA,NA,NA,NA,NA,NA,0.441,0.353,0.282,0.27,0.27,0.27,0.27,NA,NA,NA,NA,NA,NA,NA,NA,NA,NA,NA,NA,NA
"reduction F plan",NA,NA,NA,NA,NA,NA,NA,NA,-0.2,-0.2,-0.04,0,0,0,NA,NA,NA,NA,NA,NA,NA,NA,NA,NA,NA,NA,NA
"F estimated","","","",0.482,0.366,0.457,0.431,0.441,0.47,0.434,0.381,0.365,0.424,0.469,"","Effort estimated",3926319,3607880,9308575,10727762,9863994,8868476,8970332,7499913,7331819,9072952,8801179.81
NA,NA,NA,NA,NA,NA,NA,NA,NA,0.07,-0.08,-0.12,-0.04,0.16,0.11,NA,NA,NA,NA,NA,NA,NA,NA,NA,NA,NA,NA,NA
"","","","","","","","","","","","","","","","","","","","","","","","","","","",""
"Fpar","","","","","","","","","","","","","","","","EFFORT","","","","","","","","","","",""
"Fpar","","","","2003","2004","2005","2006","2007","2008","2009","2010","2011","2012","2013","","kW days at sea","2003","2004","2005","2006","2007","2008","2009","2010","2011","2012","2013"
"BEL","BEAM","NONE","discards",0,0,0,NA,NA,NA,NA,NA,NA,NA,NA,"","",577330,550314,712933,NA,NA,NA,NA,NA,NA,NA,NA
"BEL","BEAM","SBCIIIART5","discards",NA,NA,NA,0,0,0,0.00098,0.00254,0.00066,0,8e-05,"","",NA,NA,NA,701274,754024,684939,815860,760585,747810,586698,664369
"ESP","GILL","NONE","discards",NA,NA,NA,NA,NA,NA,NA,NA,NA,0,0,"","",NA,NA,NA,NA,NA,NA,NA,NA,NA,104564,59802.48
"ESP","NONE","NONE","discards",NA,NA,NA,NA,NA,NA,NA,NA,NA,0,0,"","",NA,NA,NA,NA,NA,NA,NA,NA,NA,91180,NA
"ESP","OTTER","NONE","discards",NA,NA,NA,NA,NA,NA,NA,NA,NA,0,0,"","",NA,NA,NA,NA,NA,NA,NA,NA,NA,1293234,1246020.51
"ESP","TRAMMEL","NONE","discards",NA,NA,NA,NA,NA,NA,NA,NA,NA,0,0,"","",NA,NA,NA,NA,NA,NA,NA,NA,NA,3792,2682.75
"FRA","BEAM","NONE","discards",NA,NA,NA,NA,NA,NA,NA,NA,0,0,NA,"","",NA,NA,NA,NA,438,NA,NA,NA,147,440,NA
"FRA","DEM_SEINE","NONE","discards",NA,NA,NA,NA,NA,NA,NA,NA,0,NA,0,"","",NA,NA,NA,NA,NA,NA,NA,52079,137008,51302,49733
"FRA","DEM_SEINE","SBCIIIART5","discards",NA,NA,NA,NA,NA,NA,NA,NA,NA,0,0,"","",NA,NA,NA,NA,NA,NA,NA,NA,NA,64490,148785.5
"FRA","DREDGE","NONE","discards",0,NA,0,0,0,0,0,0,0,0,0,"","",2511,7536,52315,64803,36614,33423,33423,29311,18220,47724,19095.5
"FRA","DREDGE","SBCIIIART5","discards",NA,NA,NA,NA,NA,NA,NA,0,0,0,0,"","",NA,NA,NA,NA,NA,NA,NA,3598,7395,12098,7716.5
"FRA","GILL","NONE","discards",0,0,0,0,0,0,0,0,0,0,0,"","",352927,394579,1217137,1429468,1173159,1044466,1044466,550893,388953,199981,176306.66
"FRA","GILL","SBCIIIART5","discards",NA,NA,NA,NA,NA,NA,NA,0,0,0,0,"","",NA,NA,NA,NA,NA,NA,NA,199718,249443,364334,457294.11
"FRA","LONGLINE","NONE","discards",0,0,0,0,0,0,0,0,0,0,0,"","",51483,59324,235437,260702,236924,194503,194503,460343,424089,301524,269931.84
"FRA","LONGLINE","SBCIIIART5","discards",NA,NA,NA,NA,NA,NA,NA,0,0,0,0,"","",NA,NA,NA,NA,NA,NA,NA,37755,56927,121611,136345.33
"FRA","NONE","NONE","discards",0,0,0,NA,0,0,0,NA,NA,NA,NA,"","",73154,75689,116764,192933,106136,181700,181700,NA,76984,NA,NA
"FRA","OTTER","NONE","discards",0,0,0,0,0,0,0,1e-05,8e-05,8e-05,2e-05,"","",1254536,1413043,3780100,3828101,4114702,3789258,3781816,640861,985186,626927,741433.99
"FRA","OTTER","SBCIIIART5","discards",NA,NA,NA,NA,NA,NA,NA,0.00024,0.00083,0.00157,0.00067,"","",NA,NA,NA,NA,NA,NA,NA,1976798,1745826,2130614,2202398.82
"FRA","PEL_SEINE","NONE","discards",NA,0,NA,NA,NA,NA,NA,0,0,NA,NA,"","",70740,81363,121441,165202,134820,132961,132961,124892,85470,151911,89713
"FRA","PEL_TRAWL","NONE","discards",0,0,0,0,0,0,0,0,0,0,0,"","",814501,367024,1126082,1576779,975175,406269,386776,361874,195840,293078,101936.5
"FRA","PEL_TRAWL","SBCIIIART5","discards",NA,NA,NA,NA,NA,NA,NA,0,0,0,0,"","",NA,NA,NA,NA,NA,NA,NA,45250,75157,128099,172874.33
"FRA","POTS","NONE","discards",NA,NA,NA,0,0,NA,NA,0,0,NA,NA,"","",26482,35213,2981,34432,38021,2716,2716,28349,28015,13444,8757
"FRA","POTS","SBCIIIART5","discards",NA,NA,NA,NA,NA,NA,NA,0,0,0,0,"","",NA,NA,NA,NA,NA,NA,NA,24946,24870,52304,41564.5
"FRA","TRAMMEL","NONE","discards",0,0,0,0,0,0,0,5e-05,2e-05,1e-05,1e-05,"","",702655,623795,1943385,2474068,2293981,2398241,2396111,124925,87703,147220,134813.17
"FRA","TRAMMEL","SBCIIIART5","discards",NA,NA,NA,NA,NA,NA,NA,0.00149,0.00185,0.00143,0.0018,"","",NA,NA,NA,NA,NA,NA,NA,2077736,1996776,2286383,2069605.32
"Sum",NA,NA,NA,0,0,0,0,0,0,0.00098,0.00433,0.00344,0.00309,0.00258,NA,NA,3926319,3607880,9308575,10727762,9863994,8868476,8970332,7499913,7331819,9072952,8801179.81
"(Sum of Fpars)/estimated F",NA,NA,NA,0,0,0,0,0,0,0.0023,0.0114,0.0094,0.0073,0.0055,NA,NA,NA,NA,NA,NA,NA,NA,NA,NA,NA,NA,NA
